,Id,Rating,Total Rating,Name,Price,Brand,Specifications,Questions
0,101,4.4,179.0,Samsung A14 4GB/64GB - 5000 mAh Battery - 6.6' Display - Android 13,34999,No Brand,"[""• Samsung A14 with 4GB/64GB memory.• 5000 mAh battery for long-lasting use.• 6.6' display for immersive viewing experience.• Latest Android 13 operating system.""]",326
1,102,4.7,247.0,Redmi Note 12 (8GB-128GB) PTA Approved With Official 1 Year Warranty,51999,Xiaomi,['Display: 6.67″ AMOLED DotDisplay – 2400 x 1080\nRefresh rate: 120Hz\nProcessor: Snapdragon® 685\nCamera: 50MP wide camera – 8MP ultra-wide camera – 2MP macro camera – 13MP front camera\nSecurity: Side fingerprint sensor – AI Face Unlock\nBattery & Charging: 5000mAh (typ) battery – 33W fast charging – 33W in-box charger USB-C\nAudio: 3.5mm headphone jack\nUI and system: MIUI 14 based on Android 13'],99
2,103,4.6,232.0,Redmi 12C (4GB-128GB),27999,Xiaomi,['Display: 6.71” HD+ Dot Drop display\nResolution: 1650×720 HD+\nProcessor: MediaTek Helio G85\nStorage: Expandable Storage up to 1TB\nOperating System: MIUI13 | Android 12\nRear Camera: 50MP Dual main camera\nFront Camera: 5 MP Camera\nBattery: 5000mAh (typ) high-capacity battery\nCharging: 10W fast charging | Micro USB\nDimensions: 168.76×76.41×8.77mm\nWeight: 192g\nAudio: 3.5mm headphone jack\nPackage Contents: Redmi 12C/ Adapter/ USB cable / SIM eject tool / Warranty card / User guide'],77
3,104,4.7,151.0,Infinix Note 30 Pro 8-256 GB PTA Approved With Official 1 Year Warranty,64499,No Brand,"['Release Date2023-05-22SIM SupportDual SIM (Nano-SIM, dual stand-by)Phone Dimensions162.7 x 76 x 8.2 mmPhone Weight203 gOperating SystemAndroid 13, XOS 13DisplayScreen Size6.67 inchesScreen Resolution1080 x 2400 pixelsScreen TypeAMOLED, 1B colors, 120Hz, 900 nits (peak)Screen ProtectionN/AMemoryInternal Memory256 GBRAM8 GBCard SlotmicroSDXC (dedicated slot)PerformanceProcessorMediatek MT8781 Helio G99GPUMali-G57 MC2BatteryTypeLi-Po 5000 mAh, non-removableCameraFront Camera32 MPFront Flash LightYesFront Video Recording1080p@30fpsBack Flash LightYesBack Camera108 MP + 2 MP + 2 MPBack Video Recording1440p@30fps, 1080p@30fpsConnectivityBluetoothYes3GYes4G/LTEYes5GNoRadioYesWiFiYesNFCYes (market/region dependent)']",211
4,105,4.2,91.0,Realme Narzo 50A Prime (4GB-128GB) PTA Approved With Official 1 Year Warranty,32999,No Brand,"['ColourXanh Tia Chop = Lightning Blueđen = Black\nRelease Date2023-05-30SIM SupportDual SIM (Nano-SIM, dual stand-by)Phone Dimensions164.4 x 75.6 x 8.1 mmPhone Weight189 gOperating SystemAndroid 11, Realme UI 2.0DisplayScreen Size6.6 inchesScreen Resolution1080 x 2408 pixelsScreen TypeIPS LCD, 600 nits (peak)Screen ProtectionN/AMemoryInternal Memory64/128 GBRAM4 GBCard SlotmicroSDXC (dedicated slot)PerformanceProcessorUnisoc Tiger T612GPUMali-G57BatteryTypeLi-Po 5000 mAh, non-removableCameraFront Camera8 MPFront Flash LightNoFront Video Recording720p@30fpsBack Flash LightYesBack Camera50 MP + 2 MP + 0.3 MPBack Video Recording1080p@30fpsConnectivityBluetoothYes3GYes4G/LTEYes5GNoRadioNoWiFiYesNFCNo']",137
5,106,4.7,401.0,Redmi Note 12 8 GB RAM + 128GB ROM PTA Approved Mobile Phone with 1 Year Brand Warranty,49999,Xiaomi,['Redmi Note 12 8GB RAM + 128GB ROM PTA Approved Mobile Phone with 1 Year Brand Warranty\nROM: 128GBOfficial Brand Stock 1 Year Brand Warranty\nAvailable in 4 colors:\n-Blue\n-Grey\n-Light Green\n-Levender'],
6,107,4.7,366.0,Redmi A2+ - 3GB/64GB - Mediatek Helio G36 - Android 12- 5000 mAh Battery,19399,Xiaomi,['Display: 6.52” HD+ Dot Drop displayResolution: 1600×720 HD+Processor: MediaTek Helio G36Storage: Expandable Storage up to 1TBOperating System: Android 12 (Go Edition)Rear Camera: 8MP main cameraFront Camera: 5 MP CameraBattery: 5000mAh (typ) high-capacity batteryCharging: 10W fast charging | Micro USBDimensions: 164.9×76.75×9.09mmWeight: 192gAudio: 3.5mm headphone jack'],
7,108,4.3,86.0,"Infinix Note 30 8GB/128GB - Android 13 - 6.78"" Display - 5000 mAh Battery",43499,No Brand,"['• Infinix Note 30 with 6.78"" display and 5000mAh battery.• 8GB RAM and 128GB storage capacity.• Runs on Android 13 operating system.']",145
8,109,3.2,120.0,Redmi note 12 8GB RAM -128GB ROM PTA APPROVED OFFICIAL WARRANTY SUPER FAST CHARGING,50499,Redmi,"['Display6.67"" AMOLED DotDisplayRefresh rate: 120HzBrightness: 450 nits (typ), HBM 700 nits (typ), 1200 nits peak brightnessContrast ratio: 4,500,000:1DCI- P3 wide color gamutResolution: 2400 x 1080Sunlight displayReading modeDesign165.66*75.96*7.85mm183.5gOnyx Gray, Mint Green, Ice BlueRear camera50MP main camera50Mf/1.88MP ultra-wide cameraf/2.2120°2MP macro cameraf/2.4Rear camera video recording1080p 1920x1080 | 30fps720p 1280x720 | 30fpsFront camera13MP front cameraf/2.45Front camera video recording1080p 1920x1080 | 30fps720p 1280x720 | 30fpsChipsetSnapdragon® 685CPU: Octa-core CPU, up to 2.8GHzGPU: Adreno 6106nm manufacturing processMemory4+128/6+128/8+128GBLPDDR4X + UFS2.2Expandable storage up to 1TB*Available storage and RAM are less than the total memory due to storage of the operating system and software pre-installed on the device.**Actual support and compatibility of memory cards may vary between manufacturers.Battery5000mAh (typ)Charging33W fast charging33W in-box chargerUSB-CCooling systemGraphiteSecurity & AuthenticationSide fingerprint sensorAI Face UnlockConnectivityDual SIM + microSD2G: GSM: 850 900 1800 1900MHz3G: WCDMA:1/5/84G: LTE FDD:1/3/5/7/8/20/284G: LTE TDD:38/40/41Bluetooth 5.0Wi-Fi Protocol: 802.11a/b/g/n/acVibration motorCoin vibration motorWater & Dust ResistanceIP53NavigationGPS: L1 ｜GLONASS: G1 | Compass: B1 | Galileo E1Audio3.5mm headphone jackSensorProximity sensor | Ambient light sensor | Accelerometer | Electronic compass | IR blaster ｜GyroscopeUI and systemMIUI 14 based on Android 13']",1
9,110,4.5,82.0,Tecno SPARK 10 PRO 8GB RAM - 256GB ROM PTA APPROVED OFFICIAL BRAND WARRANTY,38450,Tecno,"['Starry Black/Pearl White/Magic Skin(Black and White) / Magic Magenta\n32MP Ultra Clear Glowing Selfie\nG88 Gaming Processor\nHard-wearing Starry Glass\n256GB ROM+16GB RAM（extended 8GB RAM）\n50MP Ultra Clear Rear Camera\n5000mAh Super Battery+18W Fast Charge\n6.8"" FHD+ 90Hz Refresh Rate\nAndroid13 + HiOS 12.6\nHeight: 168.41mm\nWidth:76.21mm\nThickness: 8.46mm\n6.8"" FHD+90Hz\n1080*2460 Resolution\nHelio G88, Octa-core\n5000mAh(typ)+18W\nAndroid™ T\n2G\n3G\n4G\nGPS\nWIFI\nFM\nOTG\nNFC\n32MP Front Camera with Dual Flash\n50MP AI Triple Rear Camera with Dual Flash\nG-Sensor\nE-compass\nAmbient Light Sensor\nProximity Sensor\nSide Fingerprint Sensor']",
10,111,4.8,62.0,vivo Y17s - 6GB RAM - 128GB ROM - 5000mAh Battery - 50+2 MP Camera - Helio G85 Processor,44999,Vivo,"['Processor MediaTek Helio G85\nRAM 6 GB\nROM 128 GB\nBattery 5000 mAh (TYP)\nCharging Power 15W\nColor Glitter Purple & Forest Green\nOperating System Funtouch OS 13 (Based on Android 13)\nScreen 6.56-inch\nResolution 1612 × 720\nType LCD\nCamera Front 8 MP / Rear 50 MP + 2 MP\nAperture Front f/2.0 (8 MP), Rear f/1.8 (50 MP) + f/2.4 (2 MP)\nFingerprint Fingerprint(side-mounted)']",57
11,112,4.9,132.0,"Infinix Hot 30 , 8GB RAM 128GB ROM , 50MP Main Camera , Fingerprint , 5000mAh Battery",36999,No Brand,"['General FeaturesRelease Date2023-08-29SIM SupportDual SIM (Nano-SIM, dual stand-by)Phone Dimensions168.7 x 76.6 x 8.4 mmPhone Weight196 gOperating SystemAndroid 13, XOS 12.6DisplayScreen Size6.78 InchesScreen Resolution1080 x 2460 PixelsScreen TypeIPS LCDScreen ProtectionN/AMemoryInternal Memory128 GBRAM8 GBCard SlotmicroSDXC (dedicated slot)PerformanceProcessorMediatek Helio G88 (12nm) Octa-coreGPUMali-G52 MC2']",182
12,113,4.5,93.0,"SPARX NEO 7 ULTRA 6+128GB || 6.7"" DISPLAY || 5000mAh BATTERY || OCTA CORE PROCESSOR || FAST CHARGING || PTA APPROVED || ONE YEAR BRAND WARRANTY",28999,No Brand,"[""Sparx has officially launched the Neo 7 series with a brand new Ultra variant.\nThe Ultra variant packs some of the most powerful features available onthe market today, including an octa-core processor, 6GB of RAM, 128GB ofstorage, and a 6.6-inch display.\nIt also features a dual-camera setup and a 5,000 mAh battery withfast-charging capabilities.\nIt was just a few days ago that Sparx held a launching event in whichthey introduced the all-new Sparx's Neo 7 Ultra handset, which is a budgethandset with all the ultra features that we are going to reveal today.\nThere is no doubt that the massive 6.7-inch IPS LCD capacitivetouchscreen display of this device makes it very attractive.\nThe Neo 7 Ultra looks more premium with the small punch hole cutout on the top midsection of the display.\nIn addition to this, the display is capable of delivering a high resolution of 720 pixels by 1612 pixels.\nThe newly launched Sparx Neo 7's 6GB of RAM and 128GB of internal memory, with a dedicated memory card slot to expand the memory up to 256GB in the future.\nThe Sparx Neo's 7 Ultra features a very impressive camera design becauseof its large, round-shaped modules. Users will find a 50 MP + 2 MP sensor on the back of thephone, and the front of the phone will feature a 13 MP selfie sensor.\nThere is a huge 5000 mAh battery cell inside the Sparx Neo 7 Ultra,which is about to last for the entire day on just a single charge.""]",225
13,114,4.7,108.0,Redmi A2+ || 3GB Ram 64GB Rom || 5000mAh Battery Xiaomi Redmi A2 Plus,19999,No Brand,"['ProcessorMediaTek Helio G36CPU: Up to 2.2GHzStorage & RAM2GB+32GB | 3GB+32GBLPDDR4X + eMMC 5.1Supports expandable storage up to 1TBDimensionsHeight: 164.9mmWidth: 76.75mmThickness: 9.09mmWeight: 192g*Data provided by internal laboratories. Industry measurment methods may vary, and therefore actual results may differ.Display6.52” HD+ Dot Drop display1600 x 720 HD+20:9 aspect ratioSupports Night LightRear Camera8MP main cameraf/2.0Auxiliary lens**Auxiliary lens refers to QVGA lens with an active pixel array of 248 x 328.Rear video recording1080p | 1920 x 1080 at 30fps720p | 1280 x 720 at 30fpsFront Camera5MPf/2.2Front video recording1080p | 1920 x 1080 at 30fps720p | 1280 x 720 at 30fpsBattery and Charging5000mAh (typ)10W fast charging10W in-box chargerMicro USBSecurityRear fingerprint sensorNetwork & ConnectivityDual SIM + microSDNetwork bands2G: 850 900 1800 1900MHz3G: 1/5/84G: LTE FDD: B1/3/5/7/8/20/284G: LTE TDD: B38/40/41Wireless NetworksSupports 2.4GHz Wi-FiSupports FM radio* (with headphones)Bluetooth 5.0*The FM function requires the use of wired headphones and may vary across regions.Navigation & PositioningGPS L1 | Glonass G1 | BDS B1I | Galileo E1Audio3.5mm headphone jackSensorsAccelerometerOperating SystemAndroid 12 (Go Edition)Package ContentsRedmi A2+/ Adapter/ USB cable / SIM eject tool / Warranty card / User guide']",
14,115,4.6,96.0,Samsung Galaxy A24 8GB+128GB,72999,Samsung,['Samsung Galaxy A24 - RAM 8 GB - ROM 128 GB - Available in 3 colors - Official Brand Stock - PTA APPROVED'],
15,116,4.8,101.0,"Infinix Note 30 , 8GB RAM 256GB ROM , 64MP Main Camera , Fingerprint , 5000mAh Fast Charging",46999,No Brand,"['ProcessorCPUOcta-core (2 x 2.2 GHz Cortex-A76 + 6 x 2.0 GHz Cortex-A55) ChipsetMediatek MT8781 Helio G99 (6nm) GPUMali-G57 MC2 DisplayTechnologyIPS LCD Capacitive Touchscreen, 16M Colors, Multitouch Size6.78 Inches Resolution1080 x 2460 Pixels (~396 PPI) Extra Features120Hz, 580 nits (peak) MemoryBuilt-in128/256GB Built-in, 8GB RAM, UFS CardmicroSDXC (dedicated slot) CameraMainTriple Camera: 64 MP, f/1.7, (wide), 1/2"", PDAF + 2 MP, f/2.4, (depth) + QVGA, Quad LED Flash FeaturesPhase detection, Geo-tagging, Panorama, HDR, Video (1440p@30fps, 1080p@30/60fps) Front16 MP, f/2.0, (wide), LED flash, HDR, Video (1080p@30fps)']",206
16,117,4.7,87.0,Honor X5 Dual SIM 2GB RAM 32GB 4G 1Year Official Warranty,19999,Honor,"['Honor X5 Dual SIM 2GB RAM 32GB ROM 4G 1Year Official Warranty:Dimension164 x 75.6 x 8.9 mmWeight193 gBatteryNon-removable Li-Po 5000mAh BatteryOSAndroid 12 (Go edition)Memory32GB built-in, 2GB Ram Card slot microSDXCProcessorOcta-core (4x2.0 GHz Cortex-A53 & 4x1.5 GHz Cortex-A53) Mediatek MT6762 Helio G25 (12 nm) GPU PowerVR GE8320ConnectivityBluetooth 5.1, A2DP, LE USB microUSB 2.0, OTG ,WLAN (Wi-Fi 802.11 b/g/n, Wi-Fi Direct, hotspot), GPRS, EDGE, 3G HSPA,4G LTEDisplay Size6.5 inches , Sensors Accelerometer, proximityDisplay ColorsTFT IPS LCD capacitive touchscreen, 16M colors 720 x 1600 pixels, (270 ppi density)Operating FrequencySIM1: GSM 850 / 900 / 1800 / 1900 SIM2: GSM 850 / 900 / 1800 / 1900BrowserHTML5Body ColorsSunrise Orange , Ocean Blue , Midnight BlackEntertainmentFM Radio, 3.5mm audio jack, MP4/H.263/H.264/WMV player, MP3/eAAC+/WMA/WAV player, YouTube, Google Talk, Games (built-in + downloadable)CameraSingle :8MP, f/2.0, (wide), AF LED flash Video 1080p@30fps SELFIE CAMERA Single 5 MP, f/2.2, (wide) Video 1080p@30fpsRing TonesMP3, WAV ringtonesMessagingSMS(threaded view), MMS, Email, Push Mail, IMOther FeaturesGPS, GLONASS, GALILEO, BDS Dual SIM + Micro Sim, dual stand-by), Photo/video editor, Document viewer, Google Search, Maps, Gmail, Document viewer, Speakerphone']",85
17,118,4.3,107.0,Samsung Galaxy A14 6GB+128GB,54999,Samsung,['Samsung A14 6/128'],
18,119,4.7,197.0,Redmi 12C 4GB RAM + 128GB ROM PTA Approved Mobile Phone with 1 Year Brand Warranty,26999,Xiaomi,['Redmi 12C RAM: 4GB ROM: 128GB Official Brand Stock 1 Year Brand Warranty Available in 4 colours'],
19,120,4.5,69.0,"Redmi 12C - 6.71"" Inch Display - 4GB RAM",25990,No Brand,"['1 Year Brand Warranty\nDisplay : 6.71"" Inch IPS LCD, 500 nits\nOS : Android 12\nMemory : 4GB RAM , 64GB & 128GB ROM\nProcessor : Octa-Core, MediaTek Helio G85\nMain Camera : 50 MP + 0.08 MP\nFront Camera : 5 MP\nSide-Mounted FingerPrint and FaceUnlock\nBattery : 5000 mAh, non-removable\n10W Fast Charging\nPTA Approved']",30
20,121,4.7,82.0,itel A60s 4GB RAM* +128GB ROM 6.6″ HD+ Display 5000mAh Battery PTA approved Official Brand Warranty,22399,itel,['6.6″ HD+ Display\n5000mAh Battery\n4GB RAM* +128GB ROM\n8MP Dual Rear Camera\nDual Security'],
21,122,4.6,43.0,Samsung Galaxy A04 4GB - 64GB OFFICIAL PTA APPROVED OFFICIAL WARRANTY,29999,No Brand,"['General FeaturesRelease Date2022-02-28SIM SupportSingle SIM (Nano-SIM) or Dual SIM (Nano-SIM, dual stand-by)Phone Dimensions164.4 x 76.3 x 9.1 mmPhone Weight192 gOperating SystemAndroid 12, One UI Core 4.1DisplayScreen Size6.5 inchesScreen Resolution720 x 1600 pixelsScreen TypePLS LCD Capacitive Touchscreen, 16M Colors, MultitouchScreen ProtectionN/AMemoryInternal Memory64GBRAM4/GBCard SlotmicroSDXC (dedicated slot)PerformanceProcessor2.35 Ghz Octa CoreBatteryTypeLi-Po 5000 mAh, non-removableCameraFront Camera5 MPFront Flash LightNoFront Video RecordingYesBack Flash LightYesBack Camera50 MP + 2 MPBack Video Recording1080p@30fpsConnectivityBluetoothYes3GYes4G/LTEYes5GNoRadioN/AWiFiYesNFCNo']",37
22,123,4.7,160.0,Samsung Galaxy A14 4GB+128GB,51999,Samsung,['Samsung A14 4/128'],
23,124,4.8,64.0,Xiaomi Redmi Note 12 || 8GB Ram 128GB Rom || 5000mAh Battery 33W Fast Charger,50399,No Brand,"['eneral FeaturesRelease Date2023-05-10SIM SupportHybrid Dual SIM (Nano-SIM, dual stand-by)Phone Dimensions165.66 x 75.96 x 7.85 mmPhone Weight183.5gOperating SystemMIUI 14 based on Android 13DisplayScreen Size6.67 inchesScreen Resolution1080 x 2400 pixelsScreen TypeAMOLED Capacitive Touchscreen, MultitouchScreen ProtectionCorning Gorilla Glass 3MemoryInternal Memory128 GBRAM8 GBCard SlotmicroSDXC (uses shared SIM slot)PerformanceProcessorQualcomm Snapdragon 685 (6nm)GPUAdreno 610BatteryTypeLi-Po 5000 mAh, non-removableCameraFront Camera13 MPFront Flash LightNoFront Video Recording1080p@30fpsBack Flash LightYesBack Camera50 MP + 8 MP + 2 MPBack Video Recording1080p@30fpsConnectivityBluetoothYes3GYes4G/LTEYes5GNoRadioNoWiFiYesNFCNo']",
24,125,4.7,67.0,"Redmi 12C, 4GB RAM 128GB ROM , 50 MP Al Dual Camera , Finger Sensor , 5000 mAh Battery , Fast Charging",29999,No Brand,"['ProcessorCPUOcta-core (2 x 2.0 GHz Cortex-A75 + 6 x 1.8 GHz Cortex-A55) ChipsetMediatek MT6769Z Helio G85 (12nm) GPUMali-G52 MC2 DisplayTechnologyIPS LCD Capacitive Touchscreen, 16M Colors, Multitouch Size6.71 Inches Resolution720 x 1650 Pixels (~268 PPI) ProtectionCorning Gorilla Glass Extra Features500 nits (typ) MemoryBuilt-in128GB Built-in, 4GB RAM CardmicroSDXC (dedicated slot) CameraMainDual camera: 50 MP, (wide), PDAF + 0.08 MP (depth), LED Flash FeaturesPhase detection, geo-tagging, touch focus, face detection, HDR, panorama, Video (1080p@30fps) Front5 MP, Video (1080p@30fps)']",56
25,126,4.6,21.0,Samsung Galaxy A54 8GB+256GB,128999,Samsung,"['6.4 inches, 100.5 cm2 (~82.9% screen-to-body ratio)Android 13, One UI 5.150 MP, f/1.8, (wide), 1/1.56"", 1.0µm, PDAF, OIS 12 MP, f/2.2, 123˚ (ultrawide), 1.12µm 5 MP, f/2.4, (macro)Li-Po 5000 mAh, non-removable']",
26,127,4.3,34.0,Sparx neo 7 ultra 8GB RAM 128GB ROM || 50 MP dual camera || 5000mAh battery || PTA approved || 1 year brand warranty,31499,No Brand,"['DETAILS OF SPARX NEO 7 ULTRA 8+128GB· Display: 6.52""· Camera: 50MP + 2MP | 13MPSelfie· USB: MicroUSB2.0· Battery: Li-Po 5000mAh,Non-removable· Fast Charging: Fast Charging18W· Memory: 128GB ROM 8GB RAM· Processor: Octa-Core· Technology: GSM / HSPA / LTE· Sim: Dual Sim (Nano-Sim, dualstand-by)· OS: Andriod 12· WLAN: Wi-Fi 802.11 a/b/g/n/ac,Hotspot· Bluetooth: 5.1, A2DP, LE· GPS: GPS, A-GPS· NFC: No· Radio: FM Radio']",73
27,128,4.7,46.0,Redmi Note 12 (8GB-256GB) PTA Approved With Official 1 Year Warranty,61999,Xiaomi,['Display: 6.67″ AMOLED DotDisplay – 2400 x 1080\nRefresh rate: 120Hz\nProcessor: Snapdragon® 685\nCamera: 50MP wide camera – 8MP ultra-wide camera – 2MP macro camera – 13MP front camera\nSecurity: Side fingerprint sensor – AI Face Unlock\nBattery & Charging: 5000mAh (typ) battery – 33W fast charging – 33W in-box charger USB-C\nAudio: 3.5mm headphone jack\nUI and system: MIUI 14 based on Android 13'],29
28,129,4.6,50.0,"Infinix Note 30 , 8GB RAM 256GB ROM , 64MP Main Camera , Fingerprint , 5000mAh Fast Charging",46999,No Brand,"['ProcessorCPUOcta-core (2 x 2.2 GHz Cortex-A76 + 6 x 2.0 GHz Cortex-A55) ChipsetMediatek MT8781 Helio G99 (6nm) GPUMali-G57 MC2 DisplayTechnologyIPS LCD Capacitive Touchscreen, 16M Colors, Multitouch Size6.78 Inches Resolution1080 x 2460 Pixels (~396 PPI) Extra Features120Hz, 580 nits (peak) MemoryBuilt-in128/256GB Built-in, 8GB RAM, UFS CardmicroSDXC (dedicated slot) CameraMainTriple Camera: 64 MP, f/1.7, (wide), 1/2"", PDAF + 2 MP, f/2.4, (depth) + QVGA, Quad LED Flash FeaturesPhase detection, Geo-tagging, Panorama, HDR, Video (1440p@30fps, 1080p@30/60fps) Front16 MP, f/2.0, (wide), LED flash, HDR, Video (1080p@30fps)']",426
29,130,4.7,57.0,Infinix Hot 30 || 8GB+8GB Ram 128GB Rom || 5000mAh Battery,36999,No Brand,"['General FeaturesRelease Date2023-08-29SIM SupportDual SIM (Nano-SIM, dual stand-by)Phone Dimensions168.7 x 76.6 x 8.4 mmPhone Weight196 gOperating SystemAndroid 13, XOS 12.6DisplayScreen Size6.78 InchesScreen Resolution1080 x 2460 PixelsScreen TypeIPS LCDScreen ProtectionN/AMemoryInternal Memory128 GBRAM8 GBCard SlotmicroSDXC (dedicated slot)PerformanceProcessorMediatek Helio G88 (12nm) Octa-coreGPUMali-G52 MC2BatteryType5000 mAhCameraFront Camera8 MPFront Flash LightYesFront Video Recording1080p@30fpsBack Flash LightYesBack Camera50 MP + 0.08 MPBack Video Recording1440p@30fps, 1080p@30fpsConnectivityBluetoothYes3GYes4G/LTEYes5GNoRadioYesWiFiYesNFCYes']",
30,131,4.5,39.0,Xiaomi 13T (12GB-256GB) PTA Approved With Official 1 Year Warranty,169999,Xiaomi,"['Display: FHD+ 6.67” CrystalRes AMOLED display | 2712 x 1220, 446 ppi\nRefresh rate: Up to 144Hz\nProcessor: MediaTek Dimensity 8200-Ultra\nCooling System: LiquidCool Technology (5000mm2 stainless steel VC + Multi-layer graphite sheets)\nFront Camera: 20 MP, f/2.2, (wide)\nRear Camera: 50 MP, f/1.9, 24mm (wide) | 50 MP, f/1.9, 50mm (telephoto) | 12 MP, f/2.2, 15mm (ultrawide)\nCamera Features: Leica lens, LED flash, HDR, panorama\nVideo Recording: HDR10+ for up to 4K at 30fps\nSecurity: In-screen fingerprint sensor | AI face unlock\nBattery & Charging: 5000mAh (typ) battery – 67W turbo charging (USB Type-C 2.0)\nAudio: Dual speakers | Dolby Atmos®\nUI and system: MIUI 14 based on Android 13\nOther Features: NFC, 5G']",35
31,132,5.0,2.0,TECNO CAMON 20 - 8GB+8GB RAM 256GB ROM - 5000 mAh Battery,47000,No Brand,"['Tecno Camon 20 detailed specificationsBuildOSAndroid 13 OS UIHIOS 13 Dimensions162.7 x 75.9 x 7.8 mm WeightN/A SIMDual Sim, Dual Standby (Nano-SIM) ColorsPredawn Black, Glacier Glow, Serenity Blue Frequency2G BandSIM1: GSM 850 / 900 / 1800 / 1900\nSIM2: GSM 850 / 900 / 1800 / 1900 3G BandHSDPA 850 / 900 / 1900 / 2100 4G BandLTE band 1(2100), 2(1900), 3(1800), 4(1700/2100), 5(850), 7(2600), 8(900), 20(800), 28(700), 38(2600), 40(2300), 41(2500) ProcessorCPUOcta-core (2 x 2.0 GHz Cortex-A75 + 6 x 1.8 GHz Cortex-A55) ChipsetMediatek MT6769Z Helio G85 (12nm) GPUMali-G52 MC2 DisplayTechnologyAMOLED Capacitive Touchscreen, Multitouch Size6.67 Inches Resolution1080 x 2400 Pixels (~395 PPI) MemoryBuilt-in256GB Built-in, 8GB RAM CardmicroSD Card, (dedicated slot) CameraMainTriple Camera: 64 MP, f/1.7, 26mm (wide), 1/1.7"", PDAF + 2 MP, f/2.4, (depth) + QVG FeaturesGeo-tagging, Face detection, Panorama, HDR, Video (1080p@30fps) Front32 MP ConnectivityWLANWi-Fi 802.11 a/b/g/n/ac, dual-band Bluetoothv5.0 with A2DP, LE GPSYes + A-GPS support RadioFM Radio USBUSB Type-C 2.0, OTG NFCNo DataGPRS, Edge, 3G (HSPA 42.2/5.76 Mbps), 4G (LTE Cat4 150/50 Mbps) FeaturesSensorsAccelerometer, Fingerprint (side mounted), Proximity Audio3.5mm Audio Jack, MP4/H.264 player, MP3/WAV/eAAC+/FLAC player, Speaker Phone BrowserHTML5 MessagingSMS(threaded view), MMS, Email, Push Mail, IM GamesBuilt-in + Downloadable TorchYes ExtraPhoto/video editor, Document viewer BatteryCapacity(Li-Po Non removable), 5000 mAh - Fast charging 33W wired']",22
32,133,4.7,49.0,OPPO A17 4GB + 64GB 5000mAh Battery,36999,OPPO,"['Stylish Design Luxury and premium look\nBig Dual Eye camera\n5000 mAH big battery with 10W charging\n4GB Ram + 4GB expendable Ram\n64GB memory\n6.56"" Big waterdrop screen']",86
33,134,4.6,34.0,"Itel S23 - 6.6"" Inch Display - 8GB + 8GB RAM - 128GB / 256GB ROM",27999,No Brand,"['1 Year Brand Warranty\nBrand New, Box Pack\nDisplay : 6.6"" Inch HD+ 90Hz\nOS : Android 12\nMemory : 8GB + 8GB RAM , 128GB/256GB ROM\nProcessor : Octa-core, Unisoc T606\nMain Camera : 50 MP Dual\nFront Camera : 8 MP\nBattery : Li-Po 6000 mAh, non-removable\n18W Fast Charging\nPTA Approved']",54
34,135,5.0,1.0,Tecno CAMON 20 8GB RAM-256GB ROM 5000MAH BATTERY PTA APPROVED OFFICIAL BRAND WARRANTY,45496,No Brand,"['Android 13\nG85 Octa-Core\nGSM\nGPRS\nFULL EDGE\nWCDMA\nHSPA+\nTDD LTE\nFDD LTE\nAMOLED with Fingerprint on Display (6.67"")\n1080*2400\nFront Camera: 32MP Dual Flash\nRear Camera: 64MP /2MP/ AI CAM/ Quad Flash(Ring-Flash)\n256GB ROM\n8GB+8GB Extended RAM\nGPS\nWiFi\nFM\nOTG\n2G\n3G\n4G\nG-Sensor\nAmbient Light and Distance Sensor\nElectronic compass\nFingerprint Sensor\n33W（Defult 18W Charger)\n5000mAh']",1
35,136,4.7,114.0,"Tecno Camon 20 - 8GB/256GB - 64 MP Camera - 5000 mAH- Battery - 6.67""",53999,Tecno,"['8GB/256GB 64 MP Back Camera - 32 MP Front Camera5000 mAH- Battery6.67"" DisplaySlim Design (Camon Puzzle)Fingerprint on Display']",
36,137,4.9,36.0,Redmi 12C || 4GB Ram 128GB Rom || 6.71 Inches IPS Display || 5000 mAh - Battery charging 10W wired,28999,No Brand,"['BuildOSAndroid 12 OS UIMIU1 13 Dimensions168.8 x 76.4 x 8.8 mm Weight192 g SIMDual Sim, Dual Standby (Nano-SIM) ColorsBlack, Blue, Mint, Violet Frequency2G BandSIM1: GSM 850 / 900 / 1800 / 1900\nSIM2: GSM 850 / 900 / 1800 / 1900 3G BandHSDPA 850 / 900 / 1900 / 2100 4G BandLTE band 1(2100), 3(1800), 5(850), 7(2600), 8(900), 38(2600), 39(1900), 40(2300), 41(2500) ProcessorCPUOcta-core (2 x 2.0 GHz Cortex-A75 + 6 x 1.8 GHz Cortex-A55) ChipsetMediatek MT6769Z Helio G85 (12nm) GPUMali-G52 MC2 DisplayTechnologyIPS LCD Capacitive Touchscreen, 16M Colors, Multitouch Size6.71 Inches Resolution720 x 1650 Pixels (~268 PPI) ProtectionCorning Gorilla Glass Extra Features500 nits (typ) MemoryBuilt-in128GB Built-in, 4GB RAM CardmicroSDXC (dedicated slot) CameraMainDual camera: 50 MP, (wide), PDAF + 0.08 MP (depth), LED Flash FeaturesPhase detection, geo-tagging, touch focus, face detection, HDR, panorama, Video (1080p@30fps) Front5 MP, Video (1080p@30fps) ConnectivityWLANWi-Fi 802.11 a/b/g/n/ac, dual-band, Wi-Fi Direct Bluetoothv5.1 with A2DP, LE GPSYes + A-GPS support & Glonass, BDS RadioFM Radio USBmicroUSB 2.0 NFCYes DataGPRS, EDGE, 3G (HSPA 42.2/5.76 Mbps), 4G LTE-A FeaturesSensorsAccelerometer, Fingerprint (rear mounted), Proximity Audio3.5mm Audio Jack, Speaker Phone BrowserHTML5 MessagingSMS(threaded view), MMS, Email, Push Mail, IM Gamesbuilt-in + downloadable TorchYes ExtraNFC (market dependent), Photo/video editor, Document viewer BatteryCapacity(Li-Po Non removable), 5000 mAh - Battery charging 10W wired']",27
37,138,4.7,25.0,Samsung Galaxy A04s 4GB - 128GB OFFICIAL PTA APPROVED OFFICIAL WARRANTY,39999,No Brand,['Official PTA Approved\n1 Year official Warranty\nRam 4Gb\nStorage 128Gb\n6.5” HD+ Display with 90 Hz Fast Refresh Rate\nRear Cam: 50MP Main + 2MP Depth + 2MP Macro\nSide-mounted Fingerprint Sensor\nLarge Expandable Storage (up to 1TB)\n15-Watt Adaptive Fast Charging with C-Type port'],31
38,139,4.4,179.0,Samsung A14 4GB/64GB - 5000 mAh Battery - 6.6' Display - Android 13,34999,No Brand,"[""• Samsung A14 with 4GB/64GB memory.• 5000 mAh battery for long-lasting use.• 6.6' display for immersive viewing experience.• Latest Android 13 operating system.""]",326
39,140,4.7,247.0,Redmi Note 12 (8GB-128GB) PTA Approved With Official 1 Year Warranty,51999,Xiaomi,['Display: 6.67″ AMOLED DotDisplay – 2400 x 1080\nRefresh rate: 120Hz\nProcessor: Snapdragon® 685\nCamera: 50MP wide camera – 8MP ultra-wide camera – 2MP macro camera – 13MP front camera\nSecurity: Side fingerprint sensor – AI Face Unlock\nBattery & Charging: 5000mAh (typ) battery – 33W fast charging – 33W in-box charger USB-C\nAudio: 3.5mm headphone jack\nUI and system: MIUI 14 based on Android 13'],99
40,141,4.6,232.0,Redmi 12C (4GB-128GB),27999,Xiaomi,['Display: 6.71” HD+ Dot Drop display\nResolution: 1650×720 HD+\nProcessor: MediaTek Helio G85\nStorage: Expandable Storage up to 1TB\nOperating System: MIUI13 | Android 12\nRear Camera: 50MP Dual main camera\nFront Camera: 5 MP Camera\nBattery: 5000mAh (typ) high-capacity battery\nCharging: 10W fast charging | Micro USB\nDimensions: 168.76×76.41×8.77mm\nWeight: 192g\nAudio: 3.5mm headphone jack\nPackage Contents: Redmi 12C/ Adapter/ USB cable / SIM eject tool / Warranty card / User guide'],77
41,142,4.7,151.0,Infinix Note 30 Pro 8-256 GB PTA Approved With Official 1 Year Warranty,64499,No Brand,"['Release Date2023-05-22SIM SupportDual SIM (Nano-SIM, dual stand-by)Phone Dimensions162.7 x 76 x 8.2 mmPhone Weight203 gOperating SystemAndroid 13, XOS 13DisplayScreen Size6.67 inchesScreen Resolution1080 x 2400 pixelsScreen TypeAMOLED, 1B colors, 120Hz, 900 nits (peak)Screen ProtectionN/AMemoryInternal Memory256 GBRAM8 GBCard SlotmicroSDXC (dedicated slot)PerformanceProcessorMediatek MT8781 Helio G99GPUMali-G57 MC2BatteryTypeLi-Po 5000 mAh, non-removableCameraFront Camera32 MPFront Flash LightYesFront Video Recording1080p@30fpsBack Flash LightYesBack Camera108 MP + 2 MP + 2 MPBack Video Recording1440p@30fps, 1080p@30fpsConnectivityBluetoothYes3GYes4G/LTEYes5GNoRadioYesWiFiYesNFCYes (market/region dependent)']",211
42,143,4.2,91.0,Realme Narzo 50A Prime (4GB-128GB) PTA Approved With Official 1 Year Warranty,32999,No Brand,"['ColourXanh Tia Chop = Lightning Blueđen = Black\nRelease Date2023-05-30SIM SupportDual SIM (Nano-SIM, dual stand-by)Phone Dimensions164.4 x 75.6 x 8.1 mmPhone Weight189 gOperating SystemAndroid 11, Realme UI 2.0DisplayScreen Size6.6 inchesScreen Resolution1080 x 2408 pixelsScreen TypeIPS LCD, 600 nits (peak)Screen ProtectionN/AMemoryInternal Memory64/128 GBRAM4 GBCard SlotmicroSDXC (dedicated slot)PerformanceProcessorUnisoc Tiger T612GPUMali-G57BatteryTypeLi-Po 5000 mAh, non-removableCameraFront Camera8 MPFront Flash LightNoFront Video Recording720p@30fpsBack Flash LightYesBack Camera50 MP + 2 MP + 0.3 MPBack Video Recording1080p@30fpsConnectivityBluetoothYes3GYes4G/LTEYes5GNoRadioNoWiFiYesNFCNo']",137
43,144,4.7,401.0,Redmi Note 12 8 GB RAM + 128GB ROM PTA Approved Mobile Phone with 1 Year Brand Warranty,49999,Xiaomi,['Redmi Note 12 8GB RAM + 128GB ROM PTA Approved Mobile Phone with 1 Year Brand Warranty\nROM: 128GBOfficial Brand Stock 1 Year Brand Warranty\nAvailable in 4 colors:\n-Blue\n-Grey\n-Light Green\n-Levender'],
44,145,4.7,366.0,Redmi A2+ - 3GB/64GB - Mediatek Helio G36 - Android 12- 5000 mAh Battery,19399,Xiaomi,['Display: 6.52” HD+ Dot Drop displayResolution: 1600×720 HD+Processor: MediaTek Helio G36Storage: Expandable Storage up to 1TBOperating System: Android 12 (Go Edition)Rear Camera: 8MP main cameraFront Camera: 5 MP CameraBattery: 5000mAh (typ) high-capacity batteryCharging: 10W fast charging | Micro USBDimensions: 164.9×76.75×9.09mmWeight: 192gAudio: 3.5mm headphone jack'],
45,146,4.3,86.0,"Infinix Note 30 8GB/128GB - Android 13 - 6.78"" Display - 5000 mAh Battery",43499,No Brand,"['• Infinix Note 30 with 6.78"" display and 5000mAh battery.• 8GB RAM and 128GB storage capacity.• Runs on Android 13 operating system.']",145
46,147,3.2,120.0,Redmi note 12 8GB RAM -128GB ROM PTA APPROVED OFFICIAL WARRANTY SUPER FAST CHARGING,50499,Redmi,"['Display6.67"" AMOLED DotDisplayRefresh rate: 120HzBrightness: 450 nits (typ), HBM 700 nits (typ), 1200 nits peak brightnessContrast ratio: 4,500,000:1DCI- P3 wide color gamutResolution: 2400 x 1080Sunlight displayReading modeDesign165.66*75.96*7.85mm183.5gOnyx Gray, Mint Green, Ice BlueRear camera50MP main camera50Mf/1.88MP ultra-wide cameraf/2.2120°2MP macro cameraf/2.4Rear camera video recording1080p 1920x1080 | 30fps720p 1280x720 | 30fpsFront camera13MP front cameraf/2.45Front camera video recording1080p 1920x1080 | 30fps720p 1280x720 | 30fpsChipsetSnapdragon® 685CPU: Octa-core CPU, up to 2.8GHzGPU: Adreno 6106nm manufacturing processMemory4+128/6+128/8+128GBLPDDR4X + UFS2.2Expandable storage up to 1TB*Available storage and RAM are less than the total memory due to storage of the operating system and software pre-installed on the device.**Actual support and compatibility of memory cards may vary between manufacturers.Battery5000mAh (typ)Charging33W fast charging33W in-box chargerUSB-CCooling systemGraphiteSecurity & AuthenticationSide fingerprint sensorAI Face UnlockConnectivityDual SIM + microSD2G: GSM: 850 900 1800 1900MHz3G: WCDMA:1/5/84G: LTE FDD:1/3/5/7/8/20/284G: LTE TDD:38/40/41Bluetooth 5.0Wi-Fi Protocol: 802.11a/b/g/n/acVibration motorCoin vibration motorWater & Dust ResistanceIP53NavigationGPS: L1 ｜GLONASS: G1 | Compass: B1 | Galileo E1Audio3.5mm headphone jackSensorProximity sensor | Ambient light sensor | Accelerometer | Electronic compass | IR blaster ｜GyroscopeUI and systemMIUI 14 based on Android 13']",1
47,148,4.5,82.0,Tecno SPARK 10 PRO 8GB RAM - 256GB ROM PTA APPROVED OFFICIAL BRAND WARRANTY,38450,Tecno,"['Starry Black/Pearl White/Magic Skin(Black and White) / Magic Magenta\n32MP Ultra Clear Glowing Selfie\nG88 Gaming Processor\nHard-wearing Starry Glass\n256GB ROM+16GB RAM（extended 8GB RAM）\n50MP Ultra Clear Rear Camera\n5000mAh Super Battery+18W Fast Charge\n6.8"" FHD+ 90Hz Refresh Rate\nAndroid13 + HiOS 12.6\nHeight: 168.41mm\nWidth:76.21mm\nThickness: 8.46mm\n6.8"" FHD+90Hz\n1080*2460 Resolution\nHelio G88, Octa-core\n5000mAh(typ)+18W\nAndroid™ T\n2G\n3G\n4G\nGPS\nWIFI\nFM\nOTG\nNFC\n32MP Front Camera with Dual Flash\n50MP AI Triple Rear Camera with Dual Flash\nG-Sensor\nE-compass\nAmbient Light Sensor\nProximity Sensor\nSide Fingerprint Sensor']",
48,149,4.8,62.0,vivo Y17s - 6GB RAM - 128GB ROM - 5000mAh Battery - 50+2 MP Camera - Helio G85 Processor,44999,Vivo,"['Processor MediaTek Helio G85\nRAM 6 GB\nROM 128 GB\nBattery 5000 mAh (TYP)\nCharging Power 15W\nColor Glitter Purple & Forest Green\nOperating System Funtouch OS 13 (Based on Android 13)\nScreen 6.56-inch\nResolution 1612 × 720\nType LCD\nCamera Front 8 MP / Rear 50 MP + 2 MP\nAperture Front f/2.0 (8 MP), Rear f/1.8 (50 MP) + f/2.4 (2 MP)\nFingerprint Fingerprint(side-mounted)']",57
49,150,4.9,132.0,"Infinix Hot 30 , 8GB RAM 128GB ROM , 50MP Main Camera , Fingerprint , 5000mAh Battery",36999,No Brand,"['General FeaturesRelease Date2023-08-29SIM SupportDual SIM (Nano-SIM, dual stand-by)Phone Dimensions168.7 x 76.6 x 8.4 mmPhone Weight196 gOperating SystemAndroid 13, XOS 12.6DisplayScreen Size6.78 InchesScreen Resolution1080 x 2460 PixelsScreen TypeIPS LCDScreen ProtectionN/AMemoryInternal Memory128 GBRAM8 GBCard SlotmicroSDXC (dedicated slot)PerformanceProcessorMediatek Helio G88 (12nm) Octa-coreGPUMali-G52 MC2']",182
50,151,4.5,93.0,"SPARX NEO 7 ULTRA 6+128GB || 6.7"" DISPLAY || 5000mAh BATTERY || OCTA CORE PROCESSOR || FAST CHARGING || PTA APPROVED || ONE YEAR BRAND WARRANTY",28999,No Brand,"[""Sparx has officially launched the Neo 7 series with a brand new Ultra variant.\nThe Ultra variant packs some of the most powerful features available onthe market today, including an octa-core processor, 6GB of RAM, 128GB ofstorage, and a 6.6-inch display.\nIt also features a dual-camera setup and a 5,000 mAh battery withfast-charging capabilities.\nIt was just a few days ago that Sparx held a launching event in whichthey introduced the all-new Sparx's Neo 7 Ultra handset, which is a budgethandset with all the ultra features that we are going to reveal today.\nThere is no doubt that the massive 6.7-inch IPS LCD capacitivetouchscreen display of this device makes it very attractive.\nThe Neo 7 Ultra looks more premium with the small punch hole cutout on the top midsection of the display.\nIn addition to this, the display is capable of delivering a high resolution of 720 pixels by 1612 pixels.\nThe newly launched Sparx Neo 7's 6GB of RAM and 128GB of internal memory, with a dedicated memory card slot to expand the memory up to 256GB in the future.\nThe Sparx Neo's 7 Ultra features a very impressive camera design becauseof its large, round-shaped modules. Users will find a 50 MP + 2 MP sensor on the back of thephone, and the front of the phone will feature a 13 MP selfie sensor.\nThere is a huge 5000 mAh battery cell inside the Sparx Neo 7 Ultra,which is about to last for the entire day on just a single charge.""]",225
51,152,4.7,108.0,Redmi A2+ || 3GB Ram 64GB Rom || 5000mAh Battery Xiaomi Redmi A2 Plus,19999,No Brand,"['ProcessorMediaTek Helio G36CPU: Up to 2.2GHzStorage & RAM2GB+32GB | 3GB+32GBLPDDR4X + eMMC 5.1Supports expandable storage up to 1TBDimensionsHeight: 164.9mmWidth: 76.75mmThickness: 9.09mmWeight: 192g*Data provided by internal laboratories. Industry measurment methods may vary, and therefore actual results may differ.Display6.52” HD+ Dot Drop display1600 x 720 HD+20:9 aspect ratioSupports Night LightRear Camera8MP main cameraf/2.0Auxiliary lens**Auxiliary lens refers to QVGA lens with an active pixel array of 248 x 328.Rear video recording1080p | 1920 x 1080 at 30fps720p | 1280 x 720 at 30fpsFront Camera5MPf/2.2Front video recording1080p | 1920 x 1080 at 30fps720p | 1280 x 720 at 30fpsBattery and Charging5000mAh (typ)10W fast charging10W in-box chargerMicro USBSecurityRear fingerprint sensorNetwork & ConnectivityDual SIM + microSDNetwork bands2G: 850 900 1800 1900MHz3G: 1/5/84G: LTE FDD: B1/3/5/7/8/20/284G: LTE TDD: B38/40/41Wireless NetworksSupports 2.4GHz Wi-FiSupports FM radio* (with headphones)Bluetooth 5.0*The FM function requires the use of wired headphones and may vary across regions.Navigation & PositioningGPS L1 | Glonass G1 | BDS B1I | Galileo E1Audio3.5mm headphone jackSensorsAccelerometerOperating SystemAndroid 12 (Go Edition)Package ContentsRedmi A2+/ Adapter/ USB cable / SIM eject tool / Warranty card / User guide']",
52,153,4.6,96.0,Samsung Galaxy A24 8GB+128GB,72999,Samsung,['Samsung Galaxy A24 - RAM 8 GB - ROM 128 GB - Available in 3 colors - Official Brand Stock - PTA APPROVED'],
53,154,4.8,101.0,"Infinix Note 30 , 8GB RAM 256GB ROM , 64MP Main Camera , Fingerprint , 5000mAh Fast Charging",46999,No Brand,"['ProcessorCPUOcta-core (2 x 2.2 GHz Cortex-A76 + 6 x 2.0 GHz Cortex-A55) ChipsetMediatek MT8781 Helio G99 (6nm) GPUMali-G57 MC2 DisplayTechnologyIPS LCD Capacitive Touchscreen, 16M Colors, Multitouch Size6.78 Inches Resolution1080 x 2460 Pixels (~396 PPI) Extra Features120Hz, 580 nits (peak) MemoryBuilt-in128/256GB Built-in, 8GB RAM, UFS CardmicroSDXC (dedicated slot) CameraMainTriple Camera: 64 MP, f/1.7, (wide), 1/2"", PDAF + 2 MP, f/2.4, (depth) + QVGA, Quad LED Flash FeaturesPhase detection, Geo-tagging, Panorama, HDR, Video (1440p@30fps, 1080p@30/60fps) Front16 MP, f/2.0, (wide), LED flash, HDR, Video (1080p@30fps)']",206
54,155,4.7,87.0,Honor X5 Dual SIM 2GB RAM 32GB 4G 1Year Official Warranty,19999,Honor,"['Honor X5 Dual SIM 2GB RAM 32GB ROM 4G 1Year Official Warranty:Dimension164 x 75.6 x 8.9 mmWeight193 gBatteryNon-removable Li-Po 5000mAh BatteryOSAndroid 12 (Go edition)Memory32GB built-in, 2GB Ram Card slot microSDXCProcessorOcta-core (4x2.0 GHz Cortex-A53 & 4x1.5 GHz Cortex-A53) Mediatek MT6762 Helio G25 (12 nm) GPU PowerVR GE8320ConnectivityBluetooth 5.1, A2DP, LE USB microUSB 2.0, OTG ,WLAN (Wi-Fi 802.11 b/g/n, Wi-Fi Direct, hotspot), GPRS, EDGE, 3G HSPA,4G LTEDisplay Size6.5 inches , Sensors Accelerometer, proximityDisplay ColorsTFT IPS LCD capacitive touchscreen, 16M colors 720 x 1600 pixels, (270 ppi density)Operating FrequencySIM1: GSM 850 / 900 / 1800 / 1900 SIM2: GSM 850 / 900 / 1800 / 1900BrowserHTML5Body ColorsSunrise Orange , Ocean Blue , Midnight BlackEntertainmentFM Radio, 3.5mm audio jack, MP4/H.263/H.264/WMV player, MP3/eAAC+/WMA/WAV player, YouTube, Google Talk, Games (built-in + downloadable)CameraSingle :8MP, f/2.0, (wide), AF LED flash Video 1080p@30fps SELFIE CAMERA Single 5 MP, f/2.2, (wide) Video 1080p@30fpsRing TonesMP3, WAV ringtonesMessagingSMS(threaded view), MMS, Email, Push Mail, IMOther FeaturesGPS, GLONASS, GALILEO, BDS Dual SIM + Micro Sim, dual stand-by), Photo/video editor, Document viewer, Google Search, Maps, Gmail, Document viewer, Speakerphone']",85
55,156,4.3,107.0,Samsung Galaxy A14 6GB+128GB,54999,Samsung,['Samsung A14 6/128'],
56,157,4.7,197.0,Redmi 12C 4GB RAM + 128GB ROM PTA Approved Mobile Phone with 1 Year Brand Warranty,26999,Xiaomi,['Redmi 12C RAM: 4GB ROM: 128GB Official Brand Stock 1 Year Brand Warranty Available in 4 colours'],
57,158,4.5,69.0,"Redmi 12C - 6.71"" Inch Display - 4GB RAM",25990,No Brand,"['1 Year Brand Warranty\nDisplay : 6.71"" Inch IPS LCD, 500 nits\nOS : Android 12\nMemory : 4GB RAM , 64GB & 128GB ROM\nProcessor : Octa-Core, MediaTek Helio G85\nMain Camera : 50 MP + 0.08 MP\nFront Camera : 5 MP\nSide-Mounted FingerPrint and FaceUnlock\nBattery : 5000 mAh, non-removable\n10W Fast Charging\nPTA Approved']",30
58,159,4.7,82.0,itel A60s 4GB RAM* +128GB ROM 6.6″ HD+ Display 5000mAh Battery PTA approved Official Brand Warranty,22399,itel,['6.6″ HD+ Display\n5000mAh Battery\n4GB RAM* +128GB ROM\n8MP Dual Rear Camera\nDual Security'],
59,160,4.6,43.0,Samsung Galaxy A04 4GB - 64GB OFFICIAL PTA APPROVED OFFICIAL WARRANTY,29999,No Brand,"['General FeaturesRelease Date2022-02-28SIM SupportSingle SIM (Nano-SIM) or Dual SIM (Nano-SIM, dual stand-by)Phone Dimensions164.4 x 76.3 x 9.1 mmPhone Weight192 gOperating SystemAndroid 12, One UI Core 4.1DisplayScreen Size6.5 inchesScreen Resolution720 x 1600 pixelsScreen TypePLS LCD Capacitive Touchscreen, 16M Colors, MultitouchScreen ProtectionN/AMemoryInternal Memory64GBRAM4/GBCard SlotmicroSDXC (dedicated slot)PerformanceProcessor2.35 Ghz Octa CoreBatteryTypeLi-Po 5000 mAh, non-removableCameraFront Camera5 MPFront Flash LightNoFront Video RecordingYesBack Flash LightYesBack Camera50 MP + 2 MPBack Video Recording1080p@30fpsConnectivityBluetoothYes3GYes4G/LTEYes5GNoRadioN/AWiFiYesNFCNo']",37
60,161,4.7,160.0,Samsung Galaxy A14 4GB+128GB,51999,Samsung,['Samsung A14 4/128'],
61,162,4.8,64.0,Xiaomi Redmi Note 12 || 8GB Ram 128GB Rom || 5000mAh Battery 33W Fast Charger,50399,No Brand,"['eneral FeaturesRelease Date2023-05-10SIM SupportHybrid Dual SIM (Nano-SIM, dual stand-by)Phone Dimensions165.66 x 75.96 x 7.85 mmPhone Weight183.5gOperating SystemMIUI 14 based on Android 13DisplayScreen Size6.67 inchesScreen Resolution1080 x 2400 pixelsScreen TypeAMOLED Capacitive Touchscreen, MultitouchScreen ProtectionCorning Gorilla Glass 3MemoryInternal Memory128 GBRAM8 GBCard SlotmicroSDXC (uses shared SIM slot)PerformanceProcessorQualcomm Snapdragon 685 (6nm)GPUAdreno 610BatteryTypeLi-Po 5000 mAh, non-removableCameraFront Camera13 MPFront Flash LightNoFront Video Recording1080p@30fpsBack Flash LightYesBack Camera50 MP + 8 MP + 2 MPBack Video Recording1080p@30fpsConnectivityBluetoothYes3GYes4G/LTEYes5GNoRadioNoWiFiYesNFCNo']",
62,163,4.7,67.0,"Redmi 12C, 4GB RAM 128GB ROM , 50 MP Al Dual Camera , Finger Sensor , 5000 mAh Battery , Fast Charging",29999,No Brand,"['ProcessorCPUOcta-core (2 x 2.0 GHz Cortex-A75 + 6 x 1.8 GHz Cortex-A55) ChipsetMediatek MT6769Z Helio G85 (12nm) GPUMali-G52 MC2 DisplayTechnologyIPS LCD Capacitive Touchscreen, 16M Colors, Multitouch Size6.71 Inches Resolution720 x 1650 Pixels (~268 PPI) ProtectionCorning Gorilla Glass Extra Features500 nits (typ) MemoryBuilt-in128GB Built-in, 4GB RAM CardmicroSDXC (dedicated slot) CameraMainDual camera: 50 MP, (wide), PDAF + 0.08 MP (depth), LED Flash FeaturesPhase detection, geo-tagging, touch focus, face detection, HDR, panorama, Video (1080p@30fps) Front5 MP, Video (1080p@30fps)']",56
63,164,4.6,21.0,Samsung Galaxy A54 8GB+256GB,128999,Samsung,"['6.4 inches, 100.5 cm2 (~82.9% screen-to-body ratio)Android 13, One UI 5.150 MP, f/1.8, (wide), 1/1.56"", 1.0µm, PDAF, OIS 12 MP, f/2.2, 123˚ (ultrawide), 1.12µm 5 MP, f/2.4, (macro)Li-Po 5000 mAh, non-removable']",
64,165,4.3,34.0,Sparx neo 7 ultra 8GB RAM 128GB ROM || 50 MP dual camera || 5000mAh battery || PTA approved || 1 year brand warranty,31499,No Brand,"['DETAILS OF SPARX NEO 7 ULTRA 8+128GB· Display: 6.52""· Camera: 50MP + 2MP | 13MPSelfie· USB: MicroUSB2.0· Battery: Li-Po 5000mAh,Non-removable· Fast Charging: Fast Charging18W· Memory: 128GB ROM 8GB RAM· Processor: Octa-Core· Technology: GSM / HSPA / LTE· Sim: Dual Sim (Nano-Sim, dualstand-by)· OS: Andriod 12· WLAN: Wi-Fi 802.11 a/b/g/n/ac,Hotspot· Bluetooth: 5.1, A2DP, LE· GPS: GPS, A-GPS· NFC: No· Radio: FM Radio']",73
65,166,4.7,46.0,Redmi Note 12 (8GB-256GB) PTA Approved With Official 1 Year Warranty,61999,Xiaomi,['Display: 6.67″ AMOLED DotDisplay – 2400 x 1080\nRefresh rate: 120Hz\nProcessor: Snapdragon® 685\nCamera: 50MP wide camera – 8MP ultra-wide camera – 2MP macro camera – 13MP front camera\nSecurity: Side fingerprint sensor – AI Face Unlock\nBattery & Charging: 5000mAh (typ) battery – 33W fast charging – 33W in-box charger USB-C\nAudio: 3.5mm headphone jack\nUI and system: MIUI 14 based on Android 13'],29
66,167,4.6,50.0,"Infinix Note 30 , 8GB RAM 256GB ROM , 64MP Main Camera , Fingerprint , 5000mAh Fast Charging",46999,No Brand,"['ProcessorCPUOcta-core (2 x 2.2 GHz Cortex-A76 + 6 x 2.0 GHz Cortex-A55) ChipsetMediatek MT8781 Helio G99 (6nm) GPUMali-G57 MC2 DisplayTechnologyIPS LCD Capacitive Touchscreen, 16M Colors, Multitouch Size6.78 Inches Resolution1080 x 2460 Pixels (~396 PPI) Extra Features120Hz, 580 nits (peak) MemoryBuilt-in128/256GB Built-in, 8GB RAM, UFS CardmicroSDXC (dedicated slot) CameraMainTriple Camera: 64 MP, f/1.7, (wide), 1/2"", PDAF + 2 MP, f/2.4, (depth) + QVGA, Quad LED Flash FeaturesPhase detection, Geo-tagging, Panorama, HDR, Video (1440p@30fps, 1080p@30/60fps) Front16 MP, f/2.0, (wide), LED flash, HDR, Video (1080p@30fps)']",426
67,168,4.7,57.0,Infinix Hot 30 || 8GB+8GB Ram 128GB Rom || 5000mAh Battery,36999,No Brand,"['General FeaturesRelease Date2023-08-29SIM SupportDual SIM (Nano-SIM, dual stand-by)Phone Dimensions168.7 x 76.6 x 8.4 mmPhone Weight196 gOperating SystemAndroid 13, XOS 12.6DisplayScreen Size6.78 InchesScreen Resolution1080 x 2460 PixelsScreen TypeIPS LCDScreen ProtectionN/AMemoryInternal Memory128 GBRAM8 GBCard SlotmicroSDXC (dedicated slot)PerformanceProcessorMediatek Helio G88 (12nm) Octa-coreGPUMali-G52 MC2BatteryType5000 mAhCameraFront Camera8 MPFront Flash LightYesFront Video Recording1080p@30fpsBack Flash LightYesBack Camera50 MP + 0.08 MPBack Video Recording1440p@30fps, 1080p@30fpsConnectivityBluetoothYes3GYes4G/LTEYes5GNoRadioYesWiFiYesNFCYes']",
68,169,4.5,39.0,Xiaomi 13T (12GB-256GB) PTA Approved With Official 1 Year Warranty,169999,Xiaomi,"['Display: FHD+ 6.67” CrystalRes AMOLED display | 2712 x 1220, 446 ppi\nRefresh rate: Up to 144Hz\nProcessor: MediaTek Dimensity 8200-Ultra\nCooling System: LiquidCool Technology (5000mm2 stainless steel VC + Multi-layer graphite sheets)\nFront Camera: 20 MP, f/2.2, (wide)\nRear Camera: 50 MP, f/1.9, 24mm (wide) | 50 MP, f/1.9, 50mm (telephoto) | 12 MP, f/2.2, 15mm (ultrawide)\nCamera Features: Leica lens, LED flash, HDR, panorama\nVideo Recording: HDR10+ for up to 4K at 30fps\nSecurity: In-screen fingerprint sensor | AI face unlock\nBattery & Charging: 5000mAh (typ) battery – 67W turbo charging (USB Type-C 2.0)\nAudio: Dual speakers | Dolby Atmos®\nUI and system: MIUI 14 based on Android 13\nOther Features: NFC, 5G']",35
69,170,5.0,2.0,TECNO CAMON 20 - 8GB+8GB RAM 256GB ROM - 5000 mAh Battery,47000,No Brand,"['Tecno Camon 20 detailed specificationsBuildOSAndroid 13 OS UIHIOS 13 Dimensions162.7 x 75.9 x 7.8 mm WeightN/A SIMDual Sim, Dual Standby (Nano-SIM) ColorsPredawn Black, Glacier Glow, Serenity Blue Frequency2G BandSIM1: GSM 850 / 900 / 1800 / 1900\nSIM2: GSM 850 / 900 / 1800 / 1900 3G BandHSDPA 850 / 900 / 1900 / 2100 4G BandLTE band 1(2100), 2(1900), 3(1800), 4(1700/2100), 5(850), 7(2600), 8(900), 20(800), 28(700), 38(2600), 40(2300), 41(2500) ProcessorCPUOcta-core (2 x 2.0 GHz Cortex-A75 + 6 x 1.8 GHz Cortex-A55) ChipsetMediatek MT6769Z Helio G85 (12nm) GPUMali-G52 MC2 DisplayTechnologyAMOLED Capacitive Touchscreen, Multitouch Size6.67 Inches Resolution1080 x 2400 Pixels (~395 PPI) MemoryBuilt-in256GB Built-in, 8GB RAM CardmicroSD Card, (dedicated slot) CameraMainTriple Camera: 64 MP, f/1.7, 26mm (wide), 1/1.7"", PDAF + 2 MP, f/2.4, (depth) + QVG FeaturesGeo-tagging, Face detection, Panorama, HDR, Video (1080p@30fps) Front32 MP ConnectivityWLANWi-Fi 802.11 a/b/g/n/ac, dual-band Bluetoothv5.0 with A2DP, LE GPSYes + A-GPS support RadioFM Radio USBUSB Type-C 2.0, OTG NFCNo DataGPRS, Edge, 3G (HSPA 42.2/5.76 Mbps), 4G (LTE Cat4 150/50 Mbps) FeaturesSensorsAccelerometer, Fingerprint (side mounted), Proximity Audio3.5mm Audio Jack, MP4/H.264 player, MP3/WAV/eAAC+/FLAC player, Speaker Phone BrowserHTML5 MessagingSMS(threaded view), MMS, Email, Push Mail, IM GamesBuilt-in + Downloadable TorchYes ExtraPhoto/video editor, Document viewer BatteryCapacity(Li-Po Non removable), 5000 mAh - Fast charging 33W wired']",22
70,171,4.7,49.0,OPPO A17 4GB + 64GB 5000mAh Battery,36999,OPPO,"['Stylish Design Luxury and premium look\nBig Dual Eye camera\n5000 mAH big battery with 10W charging\n4GB Ram + 4GB expendable Ram\n64GB memory\n6.56"" Big waterdrop screen']",86
71,172,4.6,35.0,"Itel S23 - 6.6"" Inch Display - 8GB + 8GB RAM - 128GB / 256GB ROM",27999,No Brand,"['1 Year Brand Warranty\nBrand New, Box Pack\nDisplay : 6.6"" Inch HD+ 90Hz\nOS : Android 12\nMemory : 8GB + 8GB RAM , 128GB/256GB ROM\nProcessor : Octa-core, Unisoc T606\nMain Camera : 50 MP Dual\nFront Camera : 8 MP\nBattery : Li-Po 6000 mAh, non-removable\n18W Fast Charging\nPTA Approved']",54
72,173,5.0,1.0,Tecno CAMON 20 8GB RAM-256GB ROM 5000MAH BATTERY PTA APPROVED OFFICIAL BRAND WARRANTY,45496,No Brand,"['Android 13\nG85 Octa-Core\nGSM\nGPRS\nFULL EDGE\nWCDMA\nHSPA+\nTDD LTE\nFDD LTE\nAMOLED with Fingerprint on Display (6.67"")\n1080*2400\nFront Camera: 32MP Dual Flash\nRear Camera: 64MP /2MP/ AI CAM/ Quad Flash(Ring-Flash)\n256GB ROM\n8GB+8GB Extended RAM\nGPS\nWiFi\nFM\nOTG\n2G\n3G\n4G\nG-Sensor\nAmbient Light and Distance Sensor\nElectronic compass\nFingerprint Sensor\n33W（Defult 18W Charger)\n5000mAh']",1
73,174,4.7,114.0,"Tecno Camon 20 - 8GB/256GB - 64 MP Camera - 5000 mAH- Battery - 6.67""",53999,Tecno,"['8GB/256GB 64 MP Back Camera - 32 MP Front Camera5000 mAH- Battery6.67"" DisplaySlim Design (Camon Puzzle)Fingerprint on Display']",
74,175,4.9,36.0,Redmi 12C || 4GB Ram 128GB Rom || 6.71 Inches IPS Display || 5000 mAh - Battery charging 10W wired,28999,No Brand,"['BuildOSAndroid 12 OS UIMIU1 13 Dimensions168.8 x 76.4 x 8.8 mm Weight192 g SIMDual Sim, Dual Standby (Nano-SIM) ColorsBlack, Blue, Mint, Violet Frequency2G BandSIM1: GSM 850 / 900 / 1800 / 1900\nSIM2: GSM 850 / 900 / 1800 / 1900 3G BandHSDPA 850 / 900 / 1900 / 2100 4G BandLTE band 1(2100), 3(1800), 5(850), 7(2600), 8(900), 38(2600), 39(1900), 40(2300), 41(2500) ProcessorCPUOcta-core (2 x 2.0 GHz Cortex-A75 + 6 x 1.8 GHz Cortex-A55) ChipsetMediatek MT6769Z Helio G85 (12nm) GPUMali-G52 MC2 DisplayTechnologyIPS LCD Capacitive Touchscreen, 16M Colors, Multitouch Size6.71 Inches Resolution720 x 1650 Pixels (~268 PPI) ProtectionCorning Gorilla Glass Extra Features500 nits (typ) MemoryBuilt-in128GB Built-in, 4GB RAM CardmicroSDXC (dedicated slot) CameraMainDual camera: 50 MP, (wide), PDAF + 0.08 MP (depth), LED Flash FeaturesPhase detection, geo-tagging, touch focus, face detection, HDR, panorama, Video (1080p@30fps) Front5 MP, Video (1080p@30fps) ConnectivityWLANWi-Fi 802.11 a/b/g/n/ac, dual-band, Wi-Fi Direct Bluetoothv5.1 with A2DP, LE GPSYes + A-GPS support & Glonass, BDS RadioFM Radio USBmicroUSB 2.0 NFCYes DataGPRS, EDGE, 3G (HSPA 42.2/5.76 Mbps), 4G LTE-A FeaturesSensorsAccelerometer, Fingerprint (rear mounted), Proximity Audio3.5mm Audio Jack, Speaker Phone BrowserHTML5 MessagingSMS(threaded view), MMS, Email, Push Mail, IM Gamesbuilt-in + downloadable TorchYes ExtraNFC (market dependent), Photo/video editor, Document viewer BatteryCapacity(Li-Po Non removable), 5000 mAh - Battery charging 10W wired']",27
75,176,4.7,25.0,Samsung Galaxy A04s 4GB - 128GB OFFICIAL PTA APPROVED OFFICIAL WARRANTY,39999,No Brand,['Official PTA Approved\n1 Year official Warranty\nRam 4Gb\nStorage 128Gb\n6.5” HD+ Display with 90 Hz Fast Refresh Rate\nRear Cam: 50MP Main + 2MP Depth + 2MP Macro\nSide-mounted Fingerprint Sensor\nLarge Expandable Storage (up to 1TB)\n15-Watt Adaptive Fast Charging with C-Type port'],31
76,177,4.8,14.0,"Redmi Note 12 8GB Ram 128GB Rom, Display Size 6.67 Inches, Battery Capacity 5000 mAh , Fast charging 33W",49999,No Brand,"['BuildOSAndroid 13 OS UIMIUI 14 Dimensions165.7 x 76 x 7.9 mm Weight183 g SIMDual Sim, Dual Standby (Nano-SIM) ColorsOnyx Gray, Mint Green, Ice Blue Frequency2G BandSIM1: GSM 850 / 900 / 1800 / 1900\nSIM2: GSM 850 / 900 / 1800 / 1900 3G BandHSDPA 850 / 900 / 1900 / 2100 4G BandLTE band 1(2100), 3(1800), 5(850), 7(2600), 8(900), 40(2300), 41(2500) ProcessorCPUOcta-core (4 x 2.8 GHz Cortex-A73 + 4 x 1.9 GHz Cortex-A53) ChipsetQualcomm SM6225 Snapdragon 685 (6 nm) GPUAdreno 610']",33
77,178,3.0,6.0,Original Vivo Y85 with Box & Charger - Dual Sim Approved - Vivo Y85a - 4GB RAM Mobile - Snapdragon Mobile,15999,No Brand,"['Imported New Phone with Box & Charger\nCPU model: Qualcomm Snapdragon 450\nNumber of CPU cores: 1.8GHz octa-core processor\nPhysical Specifications: Height: 154.81mm\nWidth: 75.03mm\nThickness: 7.89mm\nWeight: 150g\nRAM: 4GB\nROM: 64GB\nBattery information: 3260mAh\nSize: 6.26 inches\nResolution: 2280×1080\nScreen material: IPS\nTouch screen: incell\nFront camera pixel: 16 million pixels\nFront camera aperture: F2.0 (front)\nNumber of rear cameras: Dual camera\nRear camera pixel: main camera 13 million pixels, sub camera 2 million pixels\nRear camera aperture: F2.2 (rear main camera)\nRear flash: LED fill light\nAutofocus: support\nShooting modes: professional photography, slow motion, time-lapse photography, filters, dynamic photos, rear dual-camera blur, front single-camera blur, backlight photo, beauty photo, rear panorama photo, front panorama photo, Palm photo, gender-specific beauty, Selfie screen fill light, AR stickers, automatic scene recognition algorithm for photos\nVideo recording format: MP4\nVideo recording: 1080P\nNetwork type: dual card dual standby full Netcom\nNetwork frequency band: 2G GSM: 850/900/1800/1900MHz\n3G WCDMA: B1/B5/B8\n3G TD-SCDMA: B34/B39\n3G CDMA: BC0\n4G FDD-LTE: B1/B3/B5/B8\n4G TDD-LTE: B34/B38/B39/B40/B41\nMusic player: support\nMP3 Ringtones: Support\nRecording: support\nFingerprint recognition: rear fingerprint\nFacial recognition: Face Wake facial recognition\nOS: Android 8.1\nWLAN: Support WIFI/WAPI\nBluetooth transmission: support Bluetooth 4.2\nOTG: support\nUSB interface type: Micro-USB\nHeadphone jack standard: 3.5mm American standard headphone jack\nNavigation: Support\nCloud Services: Support\nAccelerometer: support\nAmbient Light Sensor: Support\nProximity sensor: support\nGyroscope: Virtual Gyroscope']",34
78,179,3.8,16.0,vivo V29e 5G - 8+8GB Extended RAM - 256GB ROM - 50MP AF Group Selfie - 120Hz Amoled Display,109999,Vivo,"['Processor SDM 695 5G 6nm\nRAM & ROM 8 GB + 256 GB (8GB Extended RAM)\nBattery 4600 mAh (TYP)\nFast Charging 44W\nColor Forest Black, Rose Gold\nOperating System Funtouch OS 13\nScreen 6.67 -inch Amoled\nResolution 2400 × 1080 (FHD+)\nRefresh Rate 120Hz\nCamera Front 50MP AF / Rear 64 MP + 8 MP\nFingerprint In-display fingerprint sensor']",41
79,180,4.8,24.0,Redmi Note 12 || 8GB Ram 128GB Rom || 6.67 Inches AMOLED Display || 5000 mAh - Fast charging 33W wired ||,50699,No Brand,"['Xiaomi Redmi Note 12 detailed specificationsBuildOSAndroid 13 OS UIMIUI 14 Dimensions165.7 x 76 x 7.9 mm Weight183 g SIMDual Sim, Dual Standby (Nano-SIM) ColorsOnyx Gray, Mint Green, Ice Blue Frequency2G BandSIM1: GSM 850 / 900 / 1800 / 1900\nSIM2: GSM 850 / 900 / 1800 / 1900 3G BandHSDPA 850 / 900 / 1900 / 2100 4G BandLTE band 1(2100), 3(1800), 5(850), 7(2600), 8(900), 40(2300), 41(2500) ProcessorCPUOcta-core (4 x 2.8 GHz Cortex-A73 + 4 x 1.9 GHz Cortex-A53) ChipsetQualcomm SM6225 Snapdragon 685 (6 nm) GPUAdreno 610 DisplayTechnologyAMOLED Capacitive Touchscreen, Multitouch Size6.67 Inches Resolution1080 x 2400 Pixels (~395 PPI) ProtectionCorning Gorilla Glass 3 Extra Features120Hz, 450 nits (typ), 700 nits (HBM), 1200 nits (peak) MemoryBuilt-in128GB Built-in, 8GB RAM, UFS 2.2 CardNo CameraMainTriple Camera: 50 MP, f/1.8, (wide), 1/2.76"", PDAF + 8 MP, f/2.2, (ultrawide), 1/4"" + 2 MP, f/2.4, (macro), LED Flash FeaturesGeo-tagging, Phase detection, touch focus, HDR, Panorama, Video (1080p@30fps) Front13 MP, f/2.5, (wide), 1/3.0"", HDR, Video (1080p@30fps) ConnectivityWLANWi-Fi 802.11 a/b/g/n/ac, dual-band Bluetoothv5.0 with A2DP, LE GPSYes + GPS, GLONASS RadioFM Radio (Unspecified) USBUSB Type-C 2.0, OTG NFCNo InfraredYes DataGPRS, Edge, 3G (HSPA 42.2/5.76 Mbps), 4G LTE-A FeaturesSensorsAccelerometer, Compass, Fingerprint (side-mounted), Gyro, Proximity Audio3.5mm Audio Jack, 24-bit/192kHz audio, Speaker Phone BrowserHTML5 MessagingSMS(threaded view), MMS, Email, Push Mail, IM GamesBuilt-in + Downloadable TorchYes ExtraIP53, dust and splash resistant, Photo/video editor, Document viewer BatteryCapacity(Li-Po Non removable), 5000 mAh - Fast charging 33W wired']",25
80,181,4.8,18.0,Itel S23 - 8GB Ram - 256GB Rom - 5000mAh Battery,32500,No Brand,"['BODY\nDimensions\n164 x 76 x 8 mm (6.46 x 2.99 x 0.31 in)Weight\n195 g (6.88 oz)SIM\nDual SIM (Nano-SIM, dual stand-by)DISPLAY\nType\nIPS LCD, 90HzSize\n6.6 inches, 104.6 cm2 (~84.0% screen-to-body ratio)Resolution\n720 x 1612 pixels, 20:9 ratio (~267 ppi density)MAIN CAMERA\nDual\n50 MP, f/1.6, (wide), AF\n0.08 MPFeatures\nLED flashVideo\n1080p@30fps\nBATTERY\nType\nLi-Po 5000 mAh, non-removableCharging\n10W wired']",50
81,182,4.8,23.0,"Infinix Note 30 RAM 8 GB ROM 256 GB Front Camera 16 MP Back Camera 64 MP + 2 MP + AI Cam Battery Type Li-Po 5000 mAh, non-removable",46999,No Brand,"['BuildOSAndroid 13 OS UIXOS Dimensions168.6 x 76.6 x 8.6 mm Weight219 g SIMDual Sim, Dual Standby (Nano-SIM) ColorsObsidian Black, Interstellar Blue, Sunset Gold Frequency2G BandSIM1: GSM 850 / 900 / 1800 / 1900\nSIM2: GSM 850 / 900 / 1800 / 1900 3G BandHSDPA 850 / 900 / 2100 4G BandLTE band 1(2100), 3(1800), 5(850), 8(900), 40(2300), 41(2500) ProcessorCPUOcta-core (2 x 2.2 GHz Cortex-A76 + 6 x 2.0 GHz Cortex-A55) ChipsetMediatek MT8781 Helio G99 (6nm) GPUMali-G57 MC2 DisplayTechnologyIPS LCD Capacitive Touchscreen, 16M Colors, Multitouch Size6.78 Inches Resolution1080 x 2460 Pixels (~396 PPI) Extra Features120Hz, 580 nits (peak) MemoryBuilt-in128/256GB Built-in, 8GB RAM, UFS CardmicroSDXC (dedicated slot) CameraMainTriple Camera: 64 MP, f/1.7, (wide), 1/2"", PDAF + 2 MP, f/2.4, (depth) + QVGA, Quad LED Flash FeaturesPhase detection, Geo-tagging, Panorama, HDR, Video (1440p@30fps, 1080p@30/60fps) Front16 MP, f/2.0, (wide), LED flash, HDR, Video (1080p@30fps) ConnectivityWLANWi-Fi 802.11 a/b/g/n/ac, dual-band, Wi-Fi Direct Bluetoothv5.1 with A2DP, LE GPSYes + A-GPS support RadioFM Radio USBUSB Type-C 2.0, OTG NFCYes DataGPRS, Edge, 3G (HSPA 42.2/5.76 Mbps, 4G (LTE Cat4 150/50 Mbps) FeaturesSensorsAccelerometer, Compass, Fingerprint (side mounted), Gyro, Proximity Audio3.5mm Audio Jack, Dual Speaker, Tuned by JBL BrowserHTML5 MessagingSMS(threaded view), MMS, Email, Push Mail, IM GamesBuilt-in + Downloadable TorchYes ExtraNFC, (market/region dependent) Glass front, plastic frame, glass or leather back, Photo/video editor, Document viewer BatteryCapacity(Li-Po Non removable), 5000 mAh - Fast charging 45W wired']",
82,183,4.7,30.0,Redmi 12 || 8GB Ram 128GB Rom || 5000mAh Battery,42999,No Brand,"['6.79"" FHD+ DotDisplay2460x1080, 396 ppiContrast ratio: 1500:1Color gamut: 70% NTSCBrightness: up to 550 nits (HBM)AdaptiveSync display: 36Hz/48Hz/60Hz/90HzSupports readming mode 3.0SGS Low Blue Light Certification\n50MP+8MP+2MP triple camera50MP main cameraf/1.88MP ultra-wide camera120° FOVf/2.22MP macro cameraf/2.4Rear camera video recording1080P 1920x1080 30fps720P 1280x720 30fps\nFront Camera8MP cameraf/2.1Front camera video recording1080P 1920x1080 30fps720P 1280x720 30fps\nBattery & Charging5000mAh battery (typ)Supports 18W fast charging*Power adapter is sold separately in certain regions. For optimal charging efficiency, we recommend using power adapters that support 18W PD charging, or Xiaomi official power adapters of 18W or above if available.USB-C\nSecuritySide fingerprint sensorAI face unlockNFCYes**NFC function may vary between markets.Network & ConnectivitySIM1 + Hybrid* (SIM or MicroSD)*Hybrid slot can be used either for a second SIM or a MicroSD card(1TB expandable)Network bandsGSM:2/3/5/8WCDMA:1/5/8LTE FDD: 1/3/5/7/8/20/28LTE TDD: 38/40/41Wireless NetworksWiFi: 2.4GHz | 5GHzBluetooth 5.3FM radio(with headphone jack)Navigation & PositioningGPS | Glonass | Galileo | BeidouAudio3.5mm headphone jackSplash,Water and Dust ResistantIP53*The device with IP53 has been tested to be resistant to splash and dust in the presence of specific laboratory conditions with the classification IP53 ingress protection based on IEC 60529:1989+A1:1999+A2:2013.SensorsAccelerometer | E-compassOperating SystemMIUI 14 based on Android 13']",
83,184,4.5,4.0,"Oppo A57 2022 - 6.5"" HD Display - 4GB RAM - 64GB ROM - Dual Sim - PTA Approved - Phone And Box Only (Charger, Accessories Not Included - Mix Color)",26999,No Brand,['• OPPO a57 2022 with Corning Gorilla Glass 5 protection.\n• 2 cameras for capturing your moments.\n• 5000 mAh battery for long-lasting usage.\n• 4GB RAM and 64GB storage for smooth performance.\n• Latest model year 2020 from OPPO.'],76
84,185,4.6,9.0,Redmi 12 || 4GB Ram 128GB Rom || 5000mAh Battery,36999,No Brand,"['General FeaturesRelease Date2023-09-12SIM SupportHybrid Dual SIM (Nano-SIM, dual stand-by)Phone Dimensions168.6 x 76.3 x 8.2 mmPhone Weight198.5 gOperating SystemAndroid 13, MIUI 14DisplayScreen Size6.79 InchesScreen Resolution1080 x 2460 PixelsScreen TypeIPS LCDScreen ProtectionN/AMemoryInternal Memory128 GBRAM4 GBCard SlotYesPerformanceProcessorMediatek Helio G88 (12nm) Octa-coreGPUMali-G52 MC2BatteryType5000 mAhCameraFront Camera8 MPFront Flash LightN/AFront Video RecordingYesBack Flash LightYesBack Camera50 MP + 8 MP + 2 MPBack Video RecordingYesConnectivityBluetoothYes3GYes4G/LTEYes5GNoRadioYesWiFiYesNFCYes']",
85,186,4.4,38.0,"Redmi A2 Plus , 3GB RAM 64GB ROM , 8MP Main Camera , Fingerprint , 5000mAh Fast Charging",20999,No Brand,"['BuildOSAndroid 12 Go edition UIMIUI Dimensions164.9 x 76.8 x 9.1 mm Weight192 g SIMDual Sim, Dual Standby (Nano-SIM) ColorsLight Green, Light Blue, Black Frequency2G BandSIM1: GSM 850 / 900 / 1800 / 1900\nSIM2: GSM 850 / 900 / 1800 / 1900 3G BandHSDPA 850 / 900 / 2100 4G BandLTE band 1(2100), 3(1800), 5(850), 7(2600), 8(900), 38(2600), 39(1900), 40(2300), 41(2500) ProcessorCPUOcta-core (4 x 2.2 GHz Cortex-A53 + 4 x 1.7 GHz Cortex-A53) ChipsetMediatek Helio G36 (12 nm) GPUPowerVR GE8320']",36
86,187,4.9,10.0,"Tecno Camon 20 , 8GB RAM 256GB ROM , 64MP Main Camera , Fingerprint , 5000mAh Fast Charging",48999,No Brand,"['BODYDimension163.4 x 76.7 x 8.2 mm (6.43 x 3.02 x 0.32 in)Color OptionsPredawn Black, Glacier Glow, Serenity BlueBuild MaterialPlasticCertificationIP53 (Splash Proof)ProtectionN/ADISPLAYTypeAMOLEDScreen Size (inch)6.67ResolutionFHDPPI395Refresh Rate90HzPERFORMANCEChipsetMediaTek Helio G85CPUOcta-core (2x2.0 GHz Cortex-A75 & 6x1.8 GHz Cortex-A55)GPUMali-G52 MC2SlotDedicatedRAM and ROM8GB RAM & 256GB StorageCAMERARear Camera SetupTripleMain Sensor64MPRear Camera Sensor TypeWide,Ultrawide,Depth SensorRear Camera Aperturef/1.7Rear Camera FeaturesRing-LED, panorama, HDRVideo Rec.FHDFront Camera SetupSingleFront Sensor32MPFront Camera Sensor TypeWideFront Camera FeaturesHDR, 1080p@30fps']",43
87,188,3.1,11.0,"Oppo A57 - 5.2"" HD Display - 4GB RAM - 64GB ROM - Dual Sim - PTA Approved - Phone And Box Only (Charger, Accessories Not Included - Mix Color)",13999,No Brand,['OPPO A57 4/64 dual sim smartphone• 5.1-5.5 inch capacitive LCD screen• 720p video resolution with 16 MP back camera• 8 MP front camera for selfies• Quad-core processor with 4GB RAM memory• Dual sim slots with nano sim type• 4G network connections with WiFi feature• Fingerprint sensor'],50
88,189,5.0,2.0,"Xiaomi 13T , 12GB RAM 256GB ROM , 50MP Main Camera , Fingerprint , 5000mAh Battery",179999,No Brand,"['BuildOSAndroid 13 OS UIMIUI 14 Dimensions162.2 x 75.7 x 8.5 mm Weight193 g SIMDual Sim, Dual Standby (Nano-SIM) ColorsAlpine Blue, Meadow Green, Black Frequency2G BandSIM1: GSM 850 / 900 / 1800 / 1900\nSIM2: GSM 850 / 900 / 1800 / 1900 3G BandHSDPA 800 / 850 / 900 / 1700(AWS) / 1900 / 2100 4G BandLTE band 1(2100), 3(1800), 7(2600), 8(900), 20(800) 5G Band5G SA/NSA ProcessorCPUOcta-core (1 x 3.1 GHz Cortex-A78 + 3 x 3.0 GHz Cortex-A78 + 4 x2.0 GHz Cortex-A55) ChipsetMediatek Dimensity 8200 Ultra (4 nm) GPUMali-G610 MC6']",14
89,190,4.0,1.0,"Xiaomi 13T Pro - 6.67"" Inch AMOLED Display - 12GB RAM - 512GB ROM",238499,No Brand,"['1 Year Brand Warranty\nDisplay : 6.67"" Inch FHD+ AMOLED\nOS : Android 13\nMemory : 12GB RAM , 512GB ROM\nProcessor: MediaTek Dimensity 9200+\nRear Camera: Leica professional optical lens\nLeica main camera 1/1.28” sensor size50MP\nLeica telephoto camera 50MP\nLeica ultra-wide camera 12MP\nFront Camera : 20 MP\nBattery : Li-Po 5000 mAh, non-removable\n67W Fast Charging\nFingerprint (Under-Display) and FaceUnlock\nPTA Approved']",1
90,191,4.9,45.0,Itel A60s || 4GB + 128GB || 6.6 inches IPS Display || Battery Li-Po 5000 mAh,22999,No Brand,"['BuildOSAndroid 12Dimensions--- x --- x 8.9 mm thickness (Height x Width x Thickness)Weight-SIMDual SIM (Nano-SIM, dual stand-by)ColorsGlacier Green, Sunshine Gold, Moonlit Violet, Shadow BlackLaunchReleasedJune 15, 2023StatusAvailableinNigeria, Ghana, Bangladesh, South Africa, Kenya, Zimbabwe, Pakistan, India, Uganda, Tanzania, Nepal, Thailand, Indonesia, Saudi Arabia, UAE, Sri Lanka & GlobalFrequencyDataGSM / HSPA / LTE2G BandsSIM 1: GSM 850 / 900 / 1800 / 1900\nSIM 2: GSM 850 / 900 / 1800 / 19003G BandsHSDPA 850 / 900 / 1800 / 1900 / 21004G BandsLTEProcessorCPUOcta-core (4x1.6 GHz Cortex-A55 & 4x1.2 GHz Cortex-A55)ChipsetUniSoC Spreadtrum SC9863A1GPUMali-G52DisplayTechnologyIPS LCDSize6.6 inches\nSee more devices with similar Screen Size >Resolution720 x 1612 pixels, 20:9 ratio (~267 ppi density)MemoryRam4GB RAM\nSee more devices with similar RAM >Storage64/128GB Built-inCard SlotmicroSD, up to 1TBCameraMainDual 8 MP + QVGA\nSee more devices with similar Rear Camera >FeaturesLED flash, Video 1080p@30fpsFront5 MP, f/2.2\nSee more devices with the same Selfie Camera >CommsWLAN (WIFI)Wi-Fi 802.11 b/g/n, hotspotBluetooth5.2, A2DP, LEGPSYes, with A-GPSUSBmicroUSB 2.0, USB On-The-GoNFCNoFeaturesSensorsFingerprint (rear-mounted), accelerometer, gyro, proximity, compassSoundLoudspeaker Yes, 3.5mm jack YesFlashlightYesBatteryCapacityNon-removable Li-Po 5000 mAh\nSee more devices with a similar battery capacity >ChargingFast charging 10W']",49
91,192,4.5,8.0,Xiaomi Redmi Note 12 - 8GB RAM 128GB/256GB ROM - 5000mAh Battery,51999,No Brand,['PTA Approved\n8GB RAM\n128GB/256GB ROM\nOcta-Core Processor\n50MP Triple Rear Camera\n13MP Front Camera\n5000mAH Battery\n6.67 inch Amoled Display'],13
92,193,4.2,17.0,"Sparx Neo 7 Ultra 128GB ROM | 8GB RAM Battery: 5000mAh Display: 6.52"" PTA APPROVED OFFICIAL BRAND WARRANTY",32599,Sparx,"['Display: 6.52""\nCamera: 50MP + 2MP | 13MP Selfie\nBattery: 5000mAh\nMemory: 128GB ROM | | 8GB RAM\nProcessor: Octa-Core']",
93,194,5.0,1.0,"Xiaomi 13T - 6.67"" Inch Display - 12GB RAM - 256GB ROM",169899,No Brand,"['1 Year Brand Warranty\nDisplay : 6.67"" Inch AMOLED 144Hz\nOS : Android 13\nMemory : 12GB RAM , 256GB ROM\nProcessor : Mediatek Dimensity 8200 Ultra\nMain Camera : 50 MP + 50 MP + 12 MP\nFront Camera : 20 MP\nBattery : Li-Po 5000 mAh, non-removable\n67W Fast Charging\nFingerprint (Under-Display) and FaceUnlock\nPTA Approved']",1
94,195,1.0,1.0,"Tecno Camon 20 - 8GB RAM 256GB ROM - 6.67"" AMOLED Display - Finger On Screen - 5000mAh Battery - 33W Fast Charge - 32MP Selfie Camera - 64 MP + 2MP + AI Cam + Quad Flash - PTA Approved",47999,No Brand,"['pre { white-space: pre-wrap; }• Tecno Camon 20 - 8GB RAM 256GB ROM• 6.67"" AMOLED Display, 5000mAh Battery• 33W Fast Charge, 32MP Selfie Camera• 64 MP + 2MP + AI Cam + Quad Flash• PTA Approved, Fingerprint, Touchscreen, Wifi• Nano Sim Slots x2, E-Warranty included.']",6
95,196,4.8,13.0,"Redmi 12 - 6.79"" Inch Display - 8GB RAM - 128GB ROM",43950,No Brand,"['1 Year Brand Warranty\nDisplay : 6.7"" Inch PLS LCD, 90Hz\nOS : Android 13\nMemory : 8GB RAM , 128GB ROM\nProcessor : Octa-Core, MediaTek Helio G88\nMain Camera : 50 MP + 8 MP + 2 MP\nFront Camera : 8 MP\nSide-Mounted FingerPrint and FaceUnlock\nBattery : 5000 mAh, non-removable\n18W Fast Charging\nPTA Approved']",8
96,197,5.0,1.0,"Xiaomi Redmi 12 || 8GB + 128GB || 6.79"" IPS Display || 5000 mah Battery",42999,No Brand,"['BuildOSAndroid 13 OS UIMIUI 14 Dimensions168.6 x 76.3 x 8.2 mm Weight198 g SIMHybrid Dual SIM, Dual Standby, (Nano-SIM) ColorsMidnight Black, Sky Blue, Polar Silver Frequency2G BandSIM1: GSM 850 / 900 / 1800 / 1900\nSIM2: GSM 850 / 900 / 1800 / 1900 3G BandHSDPA 850 / 900 / 1900 / 2100 4G BandLTE band 1(2100), 3(1800), 5(850), 7(2600), 8(900), 38(2600), 39(1900), 40(2300), 41(2500) ProcessorCPUOcta-core (2x 2.0 GHz Cortex-A75 + 6 x 1.8 GHz Cortex-A55) ChipsetMediatek Helio G88 (12nm) GPUMali-G52 MC2 DisplayTechnologyIPS LCD Capacitive Touchscreen, 16M Colors, Multitouch Size6.79 Inches Resolution1080 x 2460 Pixels (~396 PPI) ProtectionCorning Gorilla Glass Extra Features90Hz, 550 nits (peak) MemoryBuilt-in128/256GB Built-in, 4/8GB RAM CardmicroSDXC (uses shared SIM slot) CameraMainTriple Camera: 50 MP, f/1.8, (wide), PDAF + 8 MP, f/2.2, (ultrawide) + 2 MP, f/2.4, (depth), LED Flash FeaturesPhase detection, geo-tagging, touch focus, face detection, HDR, panorama, Video (1080p@30fps) Front8 MP, f/2.1, (wide), Video (1080p@30fps) ConnectivityWLANWi-Fi 802.11 a/b/g/n/ac, dual-band, Wi-Fi Direct Bluetoothv5.0 with A2DP, LE GPSYes + A-GPS support & Glonass, BDS RadioFM Radio USBUSB Type-C 2.0, USB On-The-Go NFCYes InfraredYes DataGPRS, EDGE, 3G (HSPA 42.2/5.76 Mbps), 4G LTE-A FeaturesSensorsAccelerometer, Compass, Fingerprint (side-mounted) Audio3.5mm Audio Jack, Speaker Phone BrowserHTML5 MessagingSMS(threaded view), MMS, Email, Push Mail, IM Gamesbuilt-in + downloadable TorchYes ExtraGlass front, plastic frame, glass back, IP53, dust and splash resistant, NFC (market dependent), Photo/video editor, Document viewer BatteryCapacity(Li-Po Non removable), 5000 mAh - Fast charging 18W wired, PD']",49
97,198,,,VGOTEL NOTE 23 8+8=16GB RAM 256GB ROM = 5000mAh BATTERY,30999,No Brand,"['6.78""Inches\n1080 x 2460Pixels\n50MP Triple cameraSingle Camera\n8GBRam\nMediatek G99Processor\n5000 mAhLi-Ion']",39
98,199,4.9,15.0,"infinix Smart 7 HD , 2GB + 2GB Ram 64GB Rom , 6.6 Inches HD , 5000 mAh- Battery",21399,No Brand,"['General FeaturesRelease Date2023-04-14SIM SupportDual SIM (Nano-SIM, dual stand-by)Phone Dimensions163.88 x 75.51 x 8.65 mmPhone Weight196.5 gOperating SystemAndroid 12DisplayScreen Size6.6 inchesScreen Resolution720 x 1612 PixelsScreen TypeIPS LCDScreen ProtectionN/AMemoryInternal Memory64 GBRAM2 GBCard SlotmicroSDXC (dedicated slot)PerformanceProcessorOcta-core 1.6 GHzGPUN/ABatteryTypeLi-Po 5000 mAh, non-removableCameraFront Camera5 MPFront Flash LightYesFront Video Recording720p@30fpsBack Flash LightYesBack Camera8 MP + 0.08 MPBack Video Recording1080p@30fpsConnectivityBluetoothYes3GYes4G/LTEYes5GNoRadioYesWiFiYesNFCNo']",10
99,200,4.5,68.0,"Redmi 12C, 4GB RAM 128GB ROM , 50 MP Al Dual Camera , Finger Sensor , 5000 mAh Battery , Fast Charging",28999,No Brand,"['ProcessorCPUOcta-core (2 x 2.0 GHz Cortex-A75 + 6 x 1.8 GHz Cortex-A55) ChipsetMediatek MT6769Z Helio G85 (12nm) GPUMali-G52 MC2 DisplayTechnologyIPS LCD Capacitive Touchscreen, 16M Colors, Multitouch Size6.71 Inches Resolution720 x 1650 Pixels (~268 PPI) ProtectionCorning Gorilla Glass Extra Features500 nits (typ) MemoryBuilt-in128GB Built-in, 4GB RAM CardmicroSDXC (dedicated slot) CameraMainDual camera: 50 MP, (wide), PDAF + 0.08 MP (depth), LED Flash FeaturesPhase detection, geo-tagging, touch focus, face detection, HDR, panorama, Video (1080p@30fps) Front5 MP, Video (1080p@30fps)']",76
